C	Clicks	Iterative	MAP@10	MAP@15	MAP@20	MAP@5	MAP@50	Model	NDCG	Precision@10	Precision@15	Precision@20	Precision@5	Precision@50	R-Precision	Recall@10	Recall@15	Recall@20	Recall@5	Recall@50	SampleFromAll
0.0	0.11181102362204724	True	0.5262529683789526	0.4923035133428834	0.4651596153072257	0.5732440944881889	0.3610195293310306	Greedy	0.23409158967584	0.4554330708661417	0.4051443569553805	0.3692913385826772	0.527244094488189	0.2427716535433071	0.17005351100654814	0.06495644076752642	0.086163142423524	0.10431573178236984	0.03808571202385578	0.17250414859554866	True
0.0	0.07196850393700788	True	0.5849784401949756	0.5541455438699533	0.5301749690452672	0.6279842519685039	0.4388515027417668	Greedy	0.3006992789558481	0.5187401574803149	0.4766404199475066	0.4473228346456693	0.5788976377952756	0.32875590551181105	0.23319401141708976	0.07553247283955321	0.1035315810156937	0.12936679860035902	0.0422615612811136	0.2368532031801088	False
0.0	0.11338582677165356	False	0.5151018622672165	0.4817023367417068	0.4545813854814215	0.5586509186351706	0.3498019645093017	Greedy	0.2249272020765844	0.4444094488188976	0.3958005249343832	0.35834645669291343	0.5177952755905512	0.23218897637795274	0.16207226104611272	0.06344185983057417	0.08408130143184878	0.10096101772649696	0.03731505152474912	0.16388068874368322	True
0.0	0.06456692913385828	False	0.6030145606799151	0.5720991277605451	0.5457740314827659	0.6431023622047244	0.44180598688916783	Greedy	0.2953964150209128	0.5395275590551182	0.4939632545931758	0.4522834645669292	0.6009448818897638	0.3159685039370079	0.2242886400425877	0.07844560177581827	0.1074501646410586	0.1307054212637752	0.04402428759389413	0.2270501241813332	False
0.0	0.1141732283464567	True	0.5228899512560929	0.4893796378599529	0.4615498446362395	0.5666509186351706	0.3571963044690423	ThompsonSampling	0.2304450169105453	0.4540157480314961	0.40199475065616797	0.3649606299212598	0.5262992125984252	0.23851968503937004	0.1665686283651524	0.06480472741214963	0.08537201089359438	0.1032246878801291	0.037927938471299584	0.16883835277573908	True
0.0	0.07464566929133859	True	0.5812510936132983	0.5525992648354853	0.529043693715173	0.6201049868766404	0.438196832846894	ThompsonSampling	0.2989324967848906	0.5220472440944882	0.4785301837270342	0.4445669291338583	0.5748031496062992	0.32686614173228346	0.23158016228998105	0.07548233116003622	0.10386389358196828	0.12813300738756273	0.04169631999559203	0.2356094723503653	False
0.0	0.13858267716535433	False	0.481982939632546	0.4490389217082131	0.4232000119854603	0.5288241469816273	0.3308104363458452	ThompsonSampling	0.21801291789601035	0.4121259842519685	0.3654593175853018	0.3328346456692913	0.4733858267716536	0.2291968503937008	0.1603418595603364	0.058559072102068274	0.07766336334226842	0.09429254374793936	0.033965592790359045	0.1623572375182971	True
0.0	0.0815748031496063	False	0.5652178477690288	0.5384731960952432	0.5146207402438997	0.5968713910761154	0.4197256417749975	ThompsonSampling	0.2839063071058256	0.5140157480314961	0.4681364829396325	0.4278740157480316	0.5628346456692913	0.3060472440944882	0.21794175331687884	0.07524200880768768	0.10235166509898364	0.12449942723090085	0.041392867467719606	0.2212271469502158	False
1.0	0.11181102362204724	True	0.525278590176228	0.4905938366095846	0.4630290385359314	0.5696850393700787	0.3585836958000074	UCB	0.2314842364074983	0.4525984251968504	0.4023097112860892	0.3655905511811024	0.5291338582677165	0.2398425196850394	0.1676605066974525	0.0644145480498308	0.08543490139378927	0.10329996617287487	0.03810409631006958	0.1701967871298848	True
1.0	0.06850393700787402	True	0.5850931133608299	0.5564286713578053	0.5330378303861641	0.6253805774278215	0.4407180129679669	UCB	0.30037005751955786	0.5236220472440944	0.4826246719160106	0.4507874015748031	0.5874015748031496	0.3283779527559055	0.2322085437381863	0.0760410633012379	0.10480897318184818	0.13003267386016254	0.043136190928893994	0.2362498531226541	False
1.0	0.12472440944881892	False	0.4977213473315836	0.465596550722535	0.4391271759817504	0.5380734908136482	0.3408588459943385	UCB	0.22148266052957646	0.43275590551181103	0.382992125984252	0.34590551181102364	0.5051968503937008	0.2317165354330709	0.16182602822760372	0.061632410439139314	0.08139557215169432	0.09800439115787056	0.036337328282132215	0.1640247583100468	True
1.0	0.06566929133858268	False	0.5897869641294837	0.5584271392066668	0.5331270062824937	0.6280472440944882	0.4315595874963026	UCB	0.2897416080373373	0.525984251968504	0.4793700787401575	0.4422047244094489	0.5918110236220472	0.3092283464566929	0.22033253865100866	0.07696978041613872	0.10487892339598227	0.1286611919313587	0.04366558745908691	0.22284282230371968	False
2.0	0.1074015748031496	True	0.5297620922384703	0.4942892147222856	0.4659213378393707	0.5747874015748031	0.3605192628472893	UCB	0.2342108281704495	0.4577952755905512	0.4040944881889763	0.36566929133858267	0.5294488188976377	0.24283464566929136	0.1697968931550459	0.06548152213038481	0.08604104830585273	0.10350591799366464	0.03798974443287383	0.17242012003752966	True
2.0	0.06976377952755905	True	0.585028183977003	0.5555144764829804	0.5314640483430066	0.6223044619422573	0.4393236356119331	UCB	0.2992728127966385	0.5258267716535433	0.4781102362204724	0.44763779527559056	0.5833070866141732	0.3268031496062992	0.2316844208642985	0.07646915747336587	0.10379539388122834	0.12928270433533612	0.042747029327902766	0.2351802276399201	False
2.0	0.1366929133858268	False	0.4890236845394326	0.4538497142985332	0.4267705382720528	0.5369553805774279	0.33366143251017005	UCB	0.22035796923369874	0.4159055118110237	0.3653543307086614	0.33314960629921264	0.4866141732283464	0.23184251968503936	0.1619504716642466	0.05897368994879025	0.07748696927866311	0.09433805148774367	0.03464341279360564	0.1647780331576243	True
2.0	0.06661417322834645	False	0.5951607924009499	0.5607315487079266	0.5337054687489282	0.6399422572178477	0.4303683333388987	UCB	0.2893732993054724	0.5204724409448819	0.4750656167979002	0.4390551181102362	0.5974803149606299	0.3078425196850393	0.21893895623393	0.07601534058667557	0.10367240912611207	0.12755107756479636	0.04394482704276535	0.22247857733842674	False
0.0	0.10960629921259844	True	0.5270031871016122	0.4933671044615926	0.46563090706062	0.5659790026246719	0.3600258963259584	Greedy	0.2325772750720489	0.46	0.4055643044619422	0.36874015748031497	0.5281889763779528	0.24069291338582674	0.16879558683196064	0.06560482370911144	0.08622837512560216	0.10426845301965927	0.03810086496828728	0.17078575585121172	True
0.0	0.07118110236220472	True	0.587461317335333	0.5569585264545894	0.5330293526958619	0.6296115485564304	0.4409741201662361	Greedy	0.30090330376299834	0.5239370078740156	0.4829396325459318	0.447007874015748	0.5867716535433071	0.3285669291338583	0.23320049742045576	0.07608510856147721	0.1047507429893323	0.12884381806382805	0.04301344121754038	0.23660307166643696	False
0.0	0.11669291338582675	False	0.5170757405324334	0.48394911999636403	0.4568643303206576	0.5613070866141732	0.3494497654077611	Greedy	0.22394091685243034	0.4470866141732284	0.3993700787401575	0.3601574803149606	0.5171653543307086	0.2302992125984252	0.1607707836446181	0.06365985251788643	0.08502266596989692	0.10163851815121704	0.037195140858928534	0.16242086586625573	True
0.0	0.06551181102362205	False	0.6044924384451943	0.572825431203384	0.5458241326675756	0.643259842519685	0.4407457070754334	Greedy	0.29390774861796565	0.5406299212598425	0.4910236220472442	0.4499212598425197	0.6119685039370079	0.31439370078740153	0.22258690831360906	0.07873821925499318	0.10698837118165434	0.13019550493464704	0.04471764955781577	0.22577577904663826	False
0.0	0.115748031496063	True	0.520806149231346	0.4878830548279367	0.4612072091710569	0.560503937007874	0.3570275270536312	ThompsonSampling	0.2292077468510903	0.4533858267716535	0.4035695538057743	0.3683464566929134	0.5206299212598425	0.23716535433070865	0.16563385723883428	0.06443911560195015	0.08554586319259197	0.10401966063882197	0.03728317724264248	0.16780904948798636	True
0.0	0.07433070866141732	True	0.584398075240595	0.5557927415250249	0.5326122164749271	0.6225879265091863	0.4410388631230469	ThompsonSampling	0.3010103373090421	0.5245669291338583	0.4834645669291338	0.4502362204724409	0.5823622047244094	0.3289763779527559	0.2333934111354101	0.07642666120252692	0.10507677457405804	0.13013091223780687	0.042677741356241784	0.2370004973645129	False
0.0	0.1458267716535433	False	0.4699683164604424	0.4384699718479246	0.4138121049175966	0.5146824146981627	0.3263880273418663	ThompsonSampling	0.21652129395917616	0.4026771653543307	0.35821522309711284	0.3279527559055118	0.4633070866141733	0.22960629921259845	0.16017981858098893	0.05717519532471624	0.07584982280291519	0.092956825608855	0.03337563297412842	0.16287029299653022	True
0.0	0.07480314960629922	False	0.5747082864641919	0.5440066407782943	0.5189860739396983	0.6140314960629921	0.4230194933860293	ThompsonSampling	0.2863823541157856	0.5138582677165354	0.4641469816272966	0.4304724409448819	0.5744881889763779	0.30831496062992125	0.21930878252583752	0.07520900187838232	0.10163031627391407	0.1250297089865255	0.042075653102744255	0.22252842503538112	False
1.0	0.11023622047244094	True	0.5272009123859518	0.4935450868757955	0.465934499494679	0.5710446194225722	0.3606416144561121	UCB	0.2325958195418585	0.4579527559055118	0.4071391076115486	0.3689763779527559	0.5297637795275589	0.2407244094488189	0.16840186414198255	0.06542140551151594	0.08656466214786357	0.10464256996726164	0.03818641509036	0.1706318668772997	True
1.0	0.06866141732283465	True	0.5795098112735908	0.5514301347529693	0.5276890647865605	0.6222887139107611	0.4361898335613485	UCB	0.2985118904737804	0.5184251968503936	0.4789501312335958	0.4444881889763779	0.5741732283464567	0.3250393700787402	0.2312692186177085	0.07555448040700521	0.10447797356418376	0.1289546317741719	0.0420782997681393	0.2346216016071004	False
1.0	0.12456692913385825	False	0.5014648793900762	0.4673295456366322	0.4396589134373775	0.5479370078740158	0.3401151608027456	UCB	0.22191348148978696	0.4300787401574804	0.3793175853018372	0.34346456692913385	0.4995275590551181	0.23086614173228345	0.1616738928628084	0.061222883135773815	0.08048743689917724	0.09713843506624932	0.035823947447128884	0.1637281115830389	True
1.0	0.07354330708661418	False	0.5887669666291714	0.5601260812678135	0.5352240732061007	0.6243254593175853	0.4337083314326016	UCB	0.2904777247309987	0.5351181102362205	0.4847244094488189	0.44425196850393706	0.5848818897637795	0.3108346456692913	0.2210040671591148	0.07818920390410525	0.10590598246825808	0.12921516438074626	0.04300111813380577	0.22393774745482925	False
2.0	0.1159055118110236	True	0.5281053618297712	0.4936246448214953	0.4656202839135301	0.5716640419947506	0.3587540816642169	UCB	0.2307249180678877	0.4565354330708662	0.4062992125984252	0.3652755905511811	0.5341732283464568	0.23795275590551185	0.16637271402766046	0.06514886260602906	0.08601740206407026	0.10336278518613254	0.03840767043493133	0.16842004342205286	True
2.0	0.07196850393700788	True	0.5818089613798275	0.5532501453052634	0.5301166172240469	0.6218582677165354	0.4390058328573507	UCB	0.2991116659599208	0.5215748031496062	0.4827296587926509	0.4465354330708662	0.5801574803149606	0.3271811023622047	0.2317632586090551	0.07571728197901545	0.10499846880381387	0.128965153465267	0.04262532716037733	0.2353306663635683	False
2.0	0.13322834645669293	False	0.4814960004999375	0.4488028072831222	0.4230738949793641	0.5276010498687663	0.3290708696453961	UCB	0.2162459055755768	0.4092913385826771	0.3675590551181102	0.3319685039370079	0.4815748031496063	0.22636220472440946	0.15875669887391536	0.058181613702553626	0.07787167146658411	0.09381913447628516	0.03453561612020767	0.1607901318534274	True
2.0	0.07590551181102362	False	0.5822633420822396	0.5510676177132869	0.5246957257311649	0.6245721784776903	0.42459370647204814	UCB	0.2871796207440546	0.5185826771653543	0.4689763779527559	0.4324409448818897	0.5836220472440945	0.3071496062992126	0.21841275676514865	0.07609360947185569	0.10252297971604904	0.12562129493113458	0.043216410371073655	0.22160103994380687	False
0.0	0.11070866141732286	True	0.5201177977752781	0.486418309308073	0.4589057664809992	0.5613910761154854	0.3573289663648385	Greedy	0.23162514419916624	0.452755905511811	0.39884514435695534	0.3622834645669292	0.5196850393700787	0.2406614173228347	0.16870464131710405	0.06446065594937322	0.08466274247556824	0.10252653048005927	0.03742352062498777	0.17067888651898214	True
0.0	0.07165354330708662	True	0.5826854143232096	0.5545714058469964	0.5319844715442092	0.6229868766404199	0.4405609397677718	Greedy	0.3005012526063197	0.5239370078740158	0.4818897637795276	0.4525984251968504	0.5785826771653543	0.32809448818897635	0.2327401372423493	0.07588474727802293	0.10442148102742893	0.13102494502031986	0.042065498809894665	0.2367055239634176	False
0.0	0.12110236220472442	False	0.5175627421572303	0.4837645629377913	0.4561296247852189	0.558745406824147	0.3492276389841276	Greedy	0.2247054856758466	0.4481889763779528	0.39706036745406825	0.3573228346456693	0.5237795275590551	0.23168503937007875	0.16155765130671818	0.06382493509024466	0.08451815985429333	0.10097403617036296	0.037830821133679284	0.16378938900009754	True
0.0	0.07102362204724409	False	0.5973513935758029	0.5675212151511365	0.5417120520934391	0.633244094488189	0.4389398224259884	Greedy	0.2932727807211535	0.5390551181102362	0.4880839895013124	0.4491338582677166	0.5996850393700787	0.3137007874015748	0.22276665546600447	0.07887513030540816	0.10638037807017547	0.1300351459036933	0.0440620096589946	0.2259312890184809	False
0.0	0.12078740157480315	True	0.5158552680914885	0.4848506943625053	0.4586941397245022	0.5537795275590551	0.3561316331917547	ThompsonSampling	0.22990756678642565	0.4516535433070866	0.4040944881889764	0.3658267716535433	0.5165354330708661	0.2389291338582677	0.1674331184307502	0.06451829294184154	0.08598030021583045	0.10359832035864792	0.03717329724998483	0.1696337971460328	True
0.0	0.07275590551181102	True	0.5881441694788151	0.5570681226035558	0.5325886079674993	0.6300997375328085	0.4414431007630965	ThompsonSampling	0.30149652896443085	0.521259842519685	0.4797900262467192	0.4477952755905512	0.5880314960629922	0.32966929133858264	0.2337779813849249	0.07574532752750149	0.10404522322200713	0.12933676954599796	0.042863923770099684	0.2374273838221357	False
0.0	0.1467716535433071	False	0.4678530808648919	0.4371753702698585	0.4134277089943608	0.5116062992125985	0.3273884386311227	ThompsonSampling	0.21653760790258872	0.4022047244094488	0.361259842519685	0.3307874015748032	0.4639370078740158	0.2302992125984252	0.16074668855737506	0.05707452697784163	0.07629424365817954	0.09357559633587527	0.03316335984895573	0.1632829142350624	True
0.0	0.07354330708661418	False	0.5774479440069992	0.5451375576887387	0.5190958783012517	0.6200682414698163	0.4219742048046913	ThompsonSampling	0.28721803119303463	0.5083464566929135	0.4634120734908137	0.42748031496063	0.5729133858267716	0.3084094488188976	0.21994379427507207	0.07457894332211086	0.1015314010181472	0.1246310720527754	0.042053382773872126	0.22312502546926646	False
1.0	0.1125984251968504	True	0.5275713035870515	0.4938284206315703	0.4657758017259767	0.5702152230971128	0.3600662168171815	UCB	0.23300622818138386	0.4593700787401575	0.4058792650918636	0.3677165354330709	0.5253543307086614	0.24103937007874016	0.16897133792532384	0.06530902604708456	0.08607648608370383	0.1040537493018656	0.03770419382620016	0.1711858288519748	True
1.0	0.06976377952755905	True	0.5879087614048244	0.5589856920565582	0.5352997878417327	0.6289816272965879	0.4428424811429173	UCB	0.301086180724521	0.5262992125984252	0.4837795275590552	0.4503937007874016	0.5883464566929134	0.3287244094488189	0.23310364389930585	0.07606658582314398	0.1050515451195498	0.13020533394919115	0.04278140872943478	0.2366444539871127	False
1.0	0.1190551181102362	False	0.4956639795025623	0.46318150644922296	0.4368054184668602	0.5371968503937008	0.3386219706978127	UCB	0.22019311024410607	0.4305511811023622	0.3800524934383202	0.34362204724409445	0.4938582677165354	0.2291338582677165	0.16031464688923475	0.06138947395462265	0.08051979113006122	0.09723562143404936	0.03565956019216024	0.16240579039503972	True
1.0	0.07196850393700788	False	0.5847399700037494	0.5538230771852819	0.5284959259545051	0.6251863517060368	0.42944716643573344	UCB	0.2892401462635809	0.5226771653543306	0.4751706036745407	0.4379527559055119	0.585511811023622	0.3105826771653543	0.2206855985519504	0.07637136797859162	0.10396431144960534	0.12711870328310612	0.04293888510213447	0.22368991558129192	False
2.0	0.11448818897637796	True	0.5217085989251343	0.4892665954634458	0.4626266894041144	0.5656482939632546	0.35931550456673217	UCB	0.2319743267111673	0.4522834645669292	0.40598425196850396	0.3681889763779528	0.5269291338582678	0.2406929133858268	0.16868001406520453	0.0643320075186483	0.0862330866951499	0.1041842149802442	0.037999588628123374	0.17051619652444489	True
2.0	0.07118110236220472	True	0.5885323709536308	0.5588918101437786	0.534916630767381	0.6283517060367454	0.4420221571793757	UCB	0.29981117435046056	0.5266141732283465	0.4843044619422572	0.4499212598425197	0.5851968503937007	0.3268031496062992	0.2317320976138089	0.07658809052145521	0.10524803512018363	0.1298773293192862	0.04280516741314469	0.23493442581139384	False
2.0	0.1390551181102362	False	0.4796208598925135	0.4456569837278499	0.419855113164601	0.5236325459317586	0.32892310033735106	UCB	0.21669564765623173	0.4074015748031496	0.3620997375328084	0.3311811023622047	0.4774803149606299	0.22850393700787405	0.1597060073459436	0.05816534306690675	0.07700582559221708	0.09399022246843396	0.03418656050118977	0.1617954630138438	True
2.0	0.08031496062992126	False	0.576742532183477	0.5478496021330667	0.5232039594121942	0.6099685039370079	0.4251859386788345	UCB	0.28712086941211024	0.5193700787401574	0.4724409448818898	0.4349606299212599	0.5801574803149606	0.308	0.21996352673501468	0.07649949679610138	0.10355388919374356	0.12688268571121195	0.04280167705254051	0.222912088452224	False
0.0	0.07622047244094488	True	0.5804733158355204	0.5528190753545085	0.5304600007267056	0.6188766404199475	0.4407944999295767	Greedy	0.3006900607477101	0.522992125984252	0.4825196850393701	0.4500787401574803	0.5788976377952756	0.3301732283464567	0.2343289702418377	0.07593827876499551	0.10477249669295978	0.1302023889199021	0.04234936492316372	0.2376264496096969	False
0.0	0.11338582677165356	False	0.518428133983252	0.4845433711811664	0.4568693138805672	0.5643149606299213	0.3487065629512621	Greedy	0.2239989491155389	0.4470866141732283	0.3975853018372703	0.35748031496062993	0.52	0.22995275590551184	0.1599722500153258	0.06351377142933043	0.08447998459680324	0.1008886217269428	0.03749215158732498	0.16218973788531071	True
0.0	0.07118110236220472	False	0.5971013623297088	0.567244887512604	0.5417753585072093	0.6300787401574803	0.43867648939745385	Greedy	0.29348531659471305	0.5414173228346456	0.4893438320209973	0.4501574803149607	0.6062992125984252	0.31492913385826776	0.22325546971893245	0.07890440638666364	0.106476526007622	0.12996822789141796	0.04443126292883275	0.22686903991143856	False
0.0	0.11858267716535432	True	0.5185061242344707	0.4868123532926682	0.4602349976565531	0.5568136482939632	0.3577380735279301	ThompsonSampling	0.2309298685351837	0.4538582677165355	0.4043044619422572	0.3646456692913386	0.5225196850393701	0.2401259842519685	0.16830775720920985	0.06463935825117494	0.08605359152330361	0.10316437216648797	0.03753782544043461	0.17050325212471093	True
0.0	0.07622047244094489	True	0.5782622172228472	0.5510876099694997	0.5283363253043082	0.6144566929133858	0.4380335902430701	ThompsonSampling	0.2986564506896039	0.5215748031496061	0.4789501312335958	0.4492125984251968	0.5801574803149606	0.3276850393700787	0.23183916515947475	0.07564520254154335	0.10369854311722833	0.12943314438471226	0.042374016746784655	0.23565821165797626	False
0.0	0.13653543307086613	False	0.4759465066866641	0.4439975521707805	0.4194766470325057	0.5168451443569553	0.3303963555683021	ThompsonSampling	0.21826207853881813	0.4077165354330709	0.3636745406824147	0.3349606299212598	0.4793700787401575	0.2313070866141732	0.16195381541265666	0.057978339250081175	0.07710978270393169	0.09476284983415297	0.03454696292444543	0.16422870545429027	True
0.0	0.07889763779527559	False	0.5762438445194351	0.5439354060928864	0.5187775772843177	0.6207979002624672	0.4228343209765113	ThompsonSampling	0.287022579113464	0.5078740157480315	0.4645669291338583	0.43	0.5798425196850393	0.3087244094488189	0.21985615512353526	0.07438770841325851	0.1019167323319774	0.12498356269128012	0.04255058660411155	0.22314231276831206	False
0.5	0.11496062992125985	True	0.5248624546931633	0.4908347450158474	0.4639265132716353	0.5679475065616798	0.3589089496984566	UCB	0.2311572237867807	0.4563779527559056	0.4046194225721785	0.3692125984251968	0.5329133858267717	0.23905511811023625	0.16724743502618214	0.06502397278191535	0.08600075608393744	0.10447477953813897	0.038315035055136816	0.16940002445434454	True
0.5	0.0737007874015748	True	0.5898980127484065	0.5601693669410205	0.5356654834886503	0.6296272965879265	0.4401316681714216	UCB	0.2997405774683332	0.5291338582677165	0.4838845144356955	0.4492913385826771	0.5911811023622047	0.32548031496063	0.2303260034322536	0.07728803558329035	0.1052658476330071	0.1299944914712744	0.043511531612779215	0.2344343116629981	False
0.5	0.11842519685039367	False	0.5028684539432571	0.4690250988439965	0.44204675935046056	0.5502887139107611	0.3425711821728213	UCB	0.22249130761752486	0.4303937007874016	0.38446194225721786	0.3480314960629921	0.4992125984251968	0.2307716535433071	0.16187303914679346	0.06121373568049024	0.08177669916613799	0.09834585964296123	0.0358051377900994	0.16374690193841876	True
0.5	0.07307086614173229	False	0.5919146981627296	0.5603884855302178	0.5344736440909986	0.6279737532808399	0.4326711280972325	UCB	0.2915752587447377	0.5311811023622047	0.4795800524934383	0.4411811023622047	0.5896062992125984	0.31266141732283464	0.22223911621966266	0.07755955126710623	0.10495689935674632	0.1284182148232446	0.04323434156590978	0.2256587104222773	False
1.0	0.11165354330708664	True	0.5240138732658418	0.4912896167699317	0.4646115001239358	0.567254593175853	0.3613756986670174	UCB	0.2341295475073657	0.4548031496062993	0.40965879265091865	0.3711811023622047	0.5231496062992127	0.24346456692913385	0.1704094176482894	0.06489454952165608	0.08713797307105976	0.10507160128044543	0.03772669986439898	0.17264712069010152	True
1.0	0.07858267716535433	True	0.5766717910261218	0.5496495898385663	0.5275437345565085	0.6111496062992126	0.4381329157709725	UCB	0.29896570494310576	0.5215748031496062	0.480209973753281	0.4481889763779528	0.5722834645669291	0.32771653543307083	0.2329088937595929	0.07586066754300094	0.10428928602486273	0.12938980552386234	0.04169936234057972	0.2361678072298869	False
1.0	0.11984251968503935	False	0.5005977377827772	0.4672869734523277	0.4401374890812526	0.5452020997375328	0.33998493469010244	UCB	0.22112019570962413	0.4313385826771653	0.3827821522309711	0.3441732283464567	0.5001574803149607	0.2293228346456693	0.16064396717746562	0.061371124220122676	0.08111709969451435	0.09735529459933978	0.03595156613605418	0.16255979531188847	True
1.0	0.0721259842519685	False	0.5915308086489188	0.5599599269205567	0.5332183301639678	0.6304251968503937	0.4315287028504454	UCB	0.2907077031330951	0.5294488188976377	0.476220472440945	0.4396062992125984	0.5899212598425198	0.31114960629921257	0.22118931083237708	0.07770187048514055	0.1042870982487018	0.1277989708625003	0.043551591141636564	0.22438651680081986	False
2.0	0.10566929133858267	True	0.5299861267341582	0.4956180827046968	0.4677596065341824	0.5742939632545931	0.3603035088881789	UCB	0.2326893598688293	0.4615748031496064	0.4056692913385827	0.3692913385826772	0.5319685039370079	0.24037795275590554	0.16804186903557056	0.06586386269379263	0.08614550494333924	0.10458525477192007	0.038409542123359335	0.1702402772521409	True
2.0	0.07448818897637795	True	0.5870359330083741	0.5586874108685133	0.5354663130492828	0.6244986876640419	0.4436452500147439	UCB	0.30155178033398505	0.5275590551181102	0.4867191601049868	0.4550393700787402	0.5877165354330709	0.3291653543307087	0.2339377498054364	0.07681192988469178	0.10578982557645664	0.13133922607775209	0.043085581155753984	0.2373751015286207	False
2.0	0.13622047244094487	False	0.48112592175978003	0.4466963205939584	0.42078606466558377	0.5312755905511811	0.33003930611107496	UCB	0.2179285075968624	0.4075590551181102	0.3623097112860893	0.3313385826771653	0.4784251968503937	0.2289133858267717	0.160156220309301	0.058212004167712085	0.07747253586414315	0.09420321029928866	0.03442192482287115	0.16243482286008545	True
2.0	0.07716535433070866	False	0.5882037245344333	0.5571755640102096	0.5307701704981025	0.6223622047244094	0.4304688240289021	UCB	0.29128966340638485	0.527244094488189	0.4739107611548557	0.4381102362204724	0.5921259842519685	0.3127874015748031	0.2226636774925916	0.0770278036010433	0.10359129651896444	0.12737231371038446	0.04353153755883479	0.2262144944501772	False
0.0	0.1122834645669291	True	0.5278341457317834	0.4941824812690954	0.46621390042212	0.5709133858267716	0.361678593231332	Greedy	0.2342721709607025	0.4585826771653544	0.4064041994750656	0.3685826771653544	0.5281889763779527	0.2431181102362205	0.17046822157572064	0.06516175492157518	0.08625147299765333	0.104230424477421	0.03802867244628416	0.17269221296450574	True
0.0	0.07118110236220472	True	0.5847100987376579	0.5568054642936533	0.5336666481607854	0.6275958005249344	0.4428629349126142	Greedy	0.30274795371122776	0.5237795275590551	0.4860892388451443	0.4522047244094488	0.5814173228346458	0.3314015748031496	0.23504553259193736	0.0759016098844323	0.10537824638448184	0.13060544869062282	0.042425210124360485	0.2385846287295651	False
0.0	0.11480314960629925	False	0.51303568303962	0.4816564744674982	0.4550875476087746	0.5543307086614173	0.34920826630906643	Greedy	0.22404641484244006	0.4466141732283465	0.4005249343832021	0.3598425196850394	0.5165354330708661	0.23067716535433075	0.1604309025555991	0.06370692573233024	0.08509075362058678	0.1015731891524526	0.037190365731136966	0.16303714159956775	True
0.0	0.07637795275590553	False	0.595517060367454	0.5640975629794528	0.5389443953750407	0.632251968503937	0.4390390487341291	Greedy	0.2934717670149901	0.5351181102362205	0.483254593175853	0.4508661417322836	0.5959055118110236	0.31483464566929137	0.22349200923067666	0.0777735502168026	0.10509969012621452	0.1302491219172893	0.04355371857330315	0.2265278156246381	False
0.0	0.11700787401574805	True	0.5250013748281465	0.4908936808306888	0.4632354470857768	0.5688398950131234	0.3590459382683506	ThompsonSampling	0.2318280417396055	0.4546456692913386	0.4041994750656168	0.3663779527559055	0.5234645669291338	0.23990551181102365	0.16775905210812495	0.06472636306734021	0.08596910449711916	0.1036134695682676	0.037705597857476174	0.1701915983061534	True
0.0	0.0678740157480315	True	0.5816562929633796	0.5534559992355268	0.5298754084664593	0.6201207349081365	0.4375452966613565	ThompsonSampling	0.2983983958119077	0.5218897637795276	0.47874015748031495	0.4462204724409449	0.5855118110236219	0.326015748031496	0.2311544603730242	0.07597896776073734	0.10396778850628928	0.12881315197221252	0.04278046450850267	0.2349990925426835	False
0.0	0.14283464566929133	False	0.47715123109611296	0.4460950522210365	0.42069871475267184	0.5202519685039371	0.3305883726554488	ThompsonSampling	0.2183013931031496	0.4116535433070866	0.3667191601049869	0.3307086614173229	0.4721259842519685	0.2314015748031496	0.16132365513365846	0.05844432182952927	0.0777673299477572	0.09344665766227983	0.033874460478095024	0.16414315904213542	True
0.0	0.07748031496062993	False	0.5743546431696037	0.5427654972615602	0.5172390662407971	0.6160157480314961	0.4194983874194752	ThompsonSampling	0.2840677280987633	0.5107086614173229	0.4615223097112862	0.42748031496063	0.575748031496063	0.3055748031496062	0.21716042201158428	0.07470470345612908	0.10082993356211813	0.1243996155664574	0.042159862928157966	0.22020467201599456	False
0.5	0.10960629921259844	True	0.525717597800275	0.4920484872374637	0.4649244366463626	0.5687296587926509	0.3603890788946553	UCB	0.2325758696404271	0.4584251968503937	0.4054593175853019	0.3691338582677166	0.5303937007874016	0.2404409448818897	0.1688704979490445	0.06546627724809588	0.08628305006225456	0.10442397813477924	0.038284387627235336	0.17094634895892524	True
0.5	0.07196850393700788	True	0.5895526184226972	0.5599917530704932	0.5354713056679823	0.6340367454068242	0.4413063832347259	UCB	0.3004501606689761	0.5266141732283465	0.4845144356955381	0.4496062992125984	0.5864566929133858	0.3266141732283465	0.2322051752814057	0.07634771115112465	0.10517441124388004	0.1300906924118698	0.04276376493346873	0.2354371285944689	False
0.5	0.12094488188976378	False	0.5030731158605174	0.4674335375910178	0.4398324712607031	0.5472598425196851	0.3406460507524532	UCB	0.22173502346930404	0.4307086614173229	0.3782677165354331	0.3425196850393701	0.5004724409448819	0.2302992125984252	0.1606622762280225	0.06135991037605824	0.08006938586550469	0.09670855122279386	0.035960347921485857	0.16327353458763086	True
0.5	0.06551181102362205	False	0.6035469941257343	0.5682824877076845	0.5400832995179551	0.6485984251968503	0.43466761661245296	UCB	0.2920626868908198	0.5321259842519684	0.4788451443569554	0.4407086614173229	0.6075590551181103	0.31058267716535426	0.22065573620522885	0.07738496792138247	0.10429326636986908	0.12784921794318918	0.04440443682478549	0.22424086301404866	False
1.0	0.11354330708661416	True	0.526551931008624	0.4929506154388044	0.4657435570193792	0.5712335958005249	0.3614018123513307	UCB	0.23391671770800165	0.4546456692913386	0.4067191601049869	0.3690551181102362	0.525984251968504	0.24239370078740155	0.1698587484111821	0.06469874732112098	0.08637382551940992	0.10445114790912516	0.03776872535507842	0.1719892156635334	True
1.0	0.06755905511811025	True	0.5906199225096863	0.5595560286898871	0.5352782744935332	0.6324776902887139	0.4428472391070642	UCB	0.3017899573442668	0.5240944881889763	0.4818897637795276	0.4520472440944881	0.5877165354330709	0.3289448818897638	0.23306517245290986	0.07636897245596559	0.104740152386304	0.1305656638403419	0.043056216193723865	0.236939090548323	False
1.0	0.1209448818897638	False	0.4955472440944882	0.4628473897056574	0.4363639804911075	0.5388083989501312	0.3389634063918797	UCB	0.2211390257839284	0.4272440944881889	0.37984251968503935	0.3433858267716536	0.495748031496063	0.23111811023622045	0.1614118521786641	0.06080568666160216	0.08095688311065988	0.0972579281165548	0.03564055929090846	0.16372267808047855	True
1.0	0.07732283464566929	False	0.5835063117110362	0.5537794430707816	0.5292230222349369	0.6236010498687664	0.4292093541066659	UCB	0.28813147178946164	0.5201574803149606	0.4786351706036746	0.4407874015748032	0.5820472440944883	0.3078425196850394	0.21914604716112066	0.0757036878822609	0.10431160035671252	0.1275452245331868	0.04262138128419735	0.22175830762142326	False
2.0	0.10897637795275593	True	0.5325619297587801	0.4970945613150338	0.4686456503254484	0.5790971128608924	0.3619625273174155	UCB	0.2347776660954884	0.4582677165354331	0.4073490813648295	0.3693700787401575	0.5351181102362205	0.242992125984252	0.1701954783301241	0.06534875259168975	0.08654393090144738	0.10418045991197124	0.03850745717282433	0.17236509882262366	True
2.0	0.07338582677165355	True	0.5848948881389826	0.5549222611742296	0.530434953737759	0.6300419947506561	0.4380699067513345	UCB	0.3001710445612445	0.5190551181102363	0.4784251968503936	0.4437795275590552	0.5760629921259842	0.32762204724409444	0.23232901819932625	0.07540836757064806	0.10390754904461118	0.12824201695174872	0.04226856040506812	0.2359165134595768	False
2.0	0.13133858267716536	False	0.4912143482064743	0.4550735761759384	0.4282126847931923	0.5378477690288713	0.3334286352318627	UCB	0.21939194308518475	0.4151181102362205	0.3654593175853018	0.3345669291338583	0.4881889763779528	0.2299212598425197	0.16088544261023385	0.05893435415673681	0.07758787539080968	0.09471242041621078	0.03474769746892195	0.16327911367066286	True
2.0	0.07118110236220472	False	0.5937550931133608	0.5597849554936168	0.5316943457830534	0.6362257217847769	0.4283161174236529	UCB	0.2887243628541773	0.5269291338582678	0.4721259842519685	0.4339370078740158	0.5930708661417323	0.30806299212598426	0.2191733013191285	0.07642559112965641	0.1028905973160309	0.1260095385652914	0.043055334499321835	0.2229048590773816	False
